4/25/2017 13:42:50, noufal+1@gmail.com, User 1, "Introduction to Python, Introduction to Stats, Intro to Cryptocurrencies"
4/25/2017 14:20:39, noufal+2@gmail.com, User 2, "Introduction to Stats, Intro to Cryptocurrencies"
4/25/2017 14:24:57, noufal+3@gmail.com, User 3, "Introduction to Python"
4/25/2017 14:32:52, noufal+4@gmail.com, User 4, "Introduction to Python, Introduction to Stats, Intro to Cryptocurrencies"
4/25/2017 14:37:10,  noufal+5@gmail.com, User 5, "Introduction to Python,Intro to Cryptocurrencies"
4/25/2017 16:36:10,  noufal+6@gmail.com, User 6,"Introduction to Python, Introduction to Stats"
4/25/2017 17:50:07,  noufal+7@gmail.com, User 7, "Introduction to Stats, Intro to Cryptocurrencies"
4/25/2017 17:57:47,  noufal+8@gmail.com, User 8, "Intro to Cryptocurrencies"
4/25/2017 17:59:57, noufal+9@gmail.com, User 9,"Introduction to Python, Intro to Cryptocurrencies"
